{
    "description": "项目私有配置文件。此文件中的内容将覆盖 project.config.json 中的相同字段。项目的改动优先同步到此文件中。详见文档：https://developers.weixin.qq.com/miniprogram/dev/devtools/projectconfig.html",
    "projectname": "miniprogram-4",
    "setting": {
        "compileHotReLoad": true
    },
    "condition": {
        "miniprogram": {
            "list": [
                {
                    "name": "",
                    "pathName": "pages/index/index",
                    "query": "",
                    "launchMode": "default",
                    "scene": null
                },
                {
                    "name": "",
                    "pathName": "pages/third/3-1",
                    "query": "",
                    "launchMode": "default",
                    "scene": null
                },
                {
                    "name": "",
                    "pathName": "pages/fourth/zhuye",
                    "query": "",
                    "launchMode": "default",
                    "scene": null
                },
                {
                    "name": "",
                    "pathName": "pages/third/3-2/3-2",
                    "query": "",
                    "launchMode": "default",
                    "scene": null
                },
                {
                    "name": "",
                    "pathName": "pages/third/3-3/3-3",
                    "query": "",
                    "launchMode": "default",
                    "scene": null
                },
                {
                    "name": "",
                    "pathName": "pages/third/3-4/3-4",
                    "query": "",
                    "launchMode": "default",
                    "scene": null
                },
                {
                    "name": "",
                    "pathName": "pages/third/3-5/3-5",
                    "query": "",
                    "launchMode": "default",
                    "scene": null
                },
                {
                    "name": "",
                    "pathName": "pages/third/3-6/3-6",
                    "query": "",
                    "launchMode": "default",
                    "scene": null
                },
                {
                    "name": "",
                    "pathName": "pages/third/3-7/3-7",
                    "query": "",
                    "launchMode": "default",
                    "scene": null
                },
                {
                    "name": "",
                    "pathName": "pages/third/3-8/3-8",
                    "query": "",
                    "launchMode": "default",
                    "scene": null
                },
                {
                    "name": "",
                    "pathName": "pages/third/3-9/3-9",
                    "query": "",
                    "launchMode": "default",
                    "scene": null
                },
                {
                    "name": "",
                    "pathName": "pages/fourth/4-2/4-2",
                    "query": "",
                    "launchMode": "default",
                    "scene": null
                },
                {
                    "name": "",
                    "pathName": "pages/fourth/zhuye",
                    "query": "",
                    "launchMode": "default",
                    "scene": null
                },
                {
                    "name": "",
                    "pathName": "pages/fourth/4-1/4-1",
                    "query": "",
                    "launchMode": "default",
                    "scene": null
                },
                {
                    "name": "",
                    "pathName": "pages/fourth/4-3/4-3",
                    "query": "",
                    "launchMode": "default",
                    "scene": null
                },
                {
                    "name": "",
                    "pathName": "pages/fourth/4-4/4-4",
                    "query": "",
                    "launchMode": "default",
                    "scene": null
                },
                {
                    "name": "",
                    "pathName": "pages/fourth/4-5/4-5",
                    "query": "",
                    "launchMode": "default",
                    "scene": null
                },
                {
                    "name": "",
                    "pathName": "pages/fourth/4-6/4-6",
                    "query": "",
                    "launchMode": "default",
                    "scene": null
                },
                {
                    "name": "",
                    "pathName": "pages/fourth/4-7/4-7",
                    "query": "",
                    "launchMode": "default",
                    "scene": null
                },
                {
                    "name": "",
                    "pathName": "pages/fourth/4-8/4-8",
                    "query": "",
                    "launchMode": "default",
                    "scene": null
                },
                {
                    "name": "",
                    "pathName": "pages/fourth/4-9/4-9",
                    "query": "",
                    "launchMode": "default",
                    "scene": null
                },
                {
                    "name": "",
                    "pathName": "pages/fourth/4-10/4-10",
                    "query": "",
                    "launchMode": "default",
                    "scene": null
                },
                {
                    "name": "",
                    "pathName": "pages/fourth/4-10/detail",
                    "query": "",
                    "launchMode": "default",
                    "scene": null
                },
                {
                    "name": "",
                    "pathName": "pages/fourth/detail/detail",
                    "query": "",
                    "launchMode": "default",
                    "scene": null
                }
            ]
        }
    }
}