{
    "description": "项目配置文件",
    "packOptions": {
        "ignore": [],
        "include": []
    },
    "miniprogramRoot": "miniprogram/",
    "compileType": "miniprogram",
    "projectname": "ts-demo",
    "setting": {
        "useCompilerPlugins": [
            "typescript"
        ],
        "babelSetting": {
            "ignore": [],
            "disablePlugins": [],
            "outputPath": ""
        }
    },
    "simulatorType": "wechat",
    "simulatorPluginLibVersion": {},
    "condition": {},
    "srcMiniprogramRoot": "miniprogram/",
    "appid": "wx06e64cb597865e56",
    "libVersion": "2.28.1",
    "editorSetting": {
        "tabIndent": "insertSpaces",
        "tabSize": 4
    }
}